|[[0, 0], [500, 580]]| |[[501, 0], [998, 580]]| |[[0, 585], [500, 1158]]| |[[503, 583], [998, 1158]]|
0.13333333333333333 0.08724137931034483 0.152986886838271 0.0 0.006324110671936759
0.2 0.2403448275862069 0.10754180253937418 0.016404886561954626 0.010188844971453666
0.26666666666666666 0.2731034482758621 0.24908069104280858 0.005235602094240838 0.10223978919631094
0.3333333333333333 0.7406896551724138 0.1061541663775758 0.0013961605584642235 0.0
0.4 0.4727586206896552 0.34968431277319084 0.07993019197207679 0.0938076416337286
0.4666666666666667 1.8079310344827586 0.11135780198431972 0.050261780104712044 0.08115942028985507
0.5333333333333333 1.3517241379310345 0.10997016582252134 0.0 0.003513394817742644
0.6 1.7675862068965518 0.6053562755845417 0.09284467713787085 0.02002635046113307
0.6666666666666666 1.1117241379310345 0.6400471796295012 0.1012216404886562 0.002108036890645586
0.7333333333333333 0.33620689655172414 0.057933809755082215 0.0013961605584642235 0.002108036890645586
0.8 0.6217241379310345 0.47353084021369596 0.009424083769633508 0.18515590689503733
0.8666666666666667 0.04862068965517241 0.986262401998196 0.002792321116928447 0.11945542380324989
0.9333333333333333 0.24758620689655172 0.5120377437036009 0.015357766143106457 0.00878348704435661
1.0 0.2382758620689655 0.2188996045236939 0.2174520069808028 0.07483530961791832
1.0666666666666667 0.6737931034482758 0.0 0.004886561954624782 1.1949055775142732
1.1333333333333333 1.420344827586207 0.03677235828765698 0.006631762652705061 0.3836627140974967
1.2 1.1517241379310346 0.00936654409213904 0.1162303664921466 0.012648221343873518
1.2666666666666666 0.0 0.01838617914382849 0.7176265270506108 0.01370223978919631
1.3333333333333333 0.0 0.0 0.12286212914485166 0.0
1.4 0.0 0.0 0.08027923211169284 0.1250768555116381
1.4666666666666666 0.0 0.7781169777284396 0.36265270506108205 0.017215634606938954
1.5333333333333334 0.004827586206896552 0.2650385069034899 0.1099476439790576 0.005972771190162494
1.6 0.0058620689655172415 0.19149379032817596 1.4481675392670157 0.5266578831796223
1.6666666666666667 0.012413793103448275 0.11413307430791647 1.8013961605584643 0.10645586297760211
1.7333333333333334 0.004482758620689655 0.0 0.017102966841186736 0.16161616161616163
1.8 0.015517241379310345 0.0 0.17347294938917976 0.03372859025032938
1.8666666666666667 0.07310344827586207 0.0 0.6764397905759162 0.0024593763724198507
1.9333333333333333 0.003103448275862069 0.0 0.22827225130890053 0.001756697408871322
2.0 0.014827586206896552 0.4228821203080552 0.406282722513089 0.4170399648660518
2.066666666666667 0.013448275862068966 1.0327482134184416 1.4600349040139615 0.4117698726394379
2.1333333333333333 0.038620689655172416 0.5765628252272255 0.124956369982548 0.06815985946420729
2.2 0.14551724137931035 0.37292721848331367 0.0034904013961605585 0.4402283706631533
2.2666666666666666 0.39413793103448275 0.5335461042114757 0.24677137870855148 0.0
2.3333333333333335 0.0 0.0 0.017102966841186736 0.14299516908212562
2.4 0.02413793103448276 0.6334559078609588 0.01012216404886562 0.04321475625823452
2.466666666666667 0.04586206896551724 0.33442031499340874 0.3417102966841187 0.025296442687747035
2.533333333333333 0.015862068965517243 0.03122181364046347 0.01605584642233857 0.13210364514712342
2.6 0.017241379310344827 0.2417956011933671 0.061780104712041886 0.0
2.6666666666666665 0.0 0.16825088461805315 0.15078534031413612 0.0
2.7333333333333334 0.0 0.057239991674183026 0.362303664921466 0.0
2.8 0.002758620689655172 0.07562617081801151 1.1371727748691098 0.023891084760649977
2.8666666666666667 0.009310344827586206 0.16963852077985153 0.030366492146596858 0.05375494071146245
2.933333333333333 0.0 0.06383126344272531 0.04153577661431065 0.011242863416776461
3.0 0.12379310344827586 0.021855269548324428 0.050261780104712044 0.0031620553359683794
3.066666666666667 0.6572413793103449 0.015263997779782141 0.1319371727748691 0.0
3.1333333333333333 0.07793103448275862 0.14882397835287586 0.11099476439790576 0.0
3.2 0.0 0.22202178588774024 0.51239092495637 0.0
3.2666666666666666 0.004827586206896552 0.2792617775619233 0.016404886561954626 0.0
3.3333333333333335 0.0003448275862068965 0.019079997224727675 0.1193717277486911 0.0
3.4 0.27793103448275863 0.0 0.18254799301919722 0.0
3.466666666666667 0.00896551724137931 0.013876361617983765 0.01849912739965096 0.0024593763724198507
3.533333333333333 0.0 0.013182543537084576 0.028272251308900525 0.0
3.6 0.004827586206896552 0.0 0.2649214659685864 0.0
3.6666666666666665 0.02413793103448276 0.0038159994449455353 0.012914485165794066 0.004918752744839701
3.7333333333333334 0.006206896551724138 0.026711996114618747 0.002443280977312391 0.0
3.8 0.001379310344827586 0.3954763061125373 0.12041884816753927 0.0
3.8666666666666667 0.011034482758620689 0.013876361617983765 0.26457242582897034 0.0
3.933333333333333 0.0 0.009019635051689448 0.07364746945898779 0.0
4.0 0.02379310344827586 0.17414833830569626 0.2823734729493892 0.12577953447518664
4.066666666666666 0.022758620689655173 0.06730035384722126 0.019197207678883072 1.4675450153711023
4.133333333333334 0.04 0.0 0.11518324607329843 0.13631971892841457
4.2 0.19034482758620688 0.12280580031915632 0.0 0.013350900307422047
4.266666666666667 0.2672413793103448 0.8270311524318323 0.3958115183246073 0.0
4.333333333333333 0.0 0.29348504822035665 0.006631762652705061 0.0
4.4 0.20413793103448277 0.5425657392631652 0.06596858638743455 0.003513394817742644
4.466666666666667 0.033448275862068964 0.2660792340248387 0.04467713787085515 0.0
4.533333333333333 0.01206896551724138 0.07840144314160827 0.0 0.0
4.6 0.04896551724137931 0.21473669603829876 0.012914485165794066 0.0
4.666666666666667 0.038620689655172416 0.4638173870811073 0.002792321116928447 0.0007026789635485288
4.733333333333333 0.033448275862068964 0.19773815305626866 0.027225130890052355 0.0007026789635485288
4.8 0.27241379310344827 0.08221744258655381 0.8006980802792321 0.0
4.866666666666666 0.2675862068965517 0.33268576979116077 0.5842931937172775 0.0
4.933333333333334 0.008620689655172414 0.30840213695968915 0.20383944153577663 0.0
5.0 0.03103448275862069 1.3414972594185806 0.4167539267015707 0.004918752744839701
5.066666666666666 0.08 0.20849233331020606 0.00034904013961605586 0.00878348704435661
5.133333333333334 0.0696551724137931 0.0 0.0020942408376963353 0.03126921387790953
5.2 0.005172413793103448 0.96579476861167 0.09075043630017451 0.001756697408871322
5.266666666666667 0.12241379310344827 1.2308332755151599 0.10226876090750436 0.03126921387790953
5.333333333333333 0.002758620689655172 0.836744605564421 0.0 0.0
5.4 0.23448275862068965 1.5368070491917019 0.006631762652705061 0.0
5.466666666666667 0.011724137931034483 0.7708318878789981 0.0150087260034904 0.011945542380324988
5.533333333333333 0.006206896551724138 0.364948310552973 0.0 0.0
5.6 0.028275862068965516 1.922222993131201 0.14031413612565444 0.0
5.666666666666667 0.0020689655172413794 1.6943037535558176 0.04013961605584642 0.0
5.733333333333333 0.0 1.4629154235759383 0.018150087260034906 0.0
5.8 0.21827586206896551 1.442794699229862 0.010820244328097731 0.0
5.866666666666666 1.677241379310345 1.2721154513286617 0.027923211169284468 0.004216073781291172
5.933333333333334 0.8810344827586207 1.0115867619510164 0.0 0.0
6.0 0.09724137931034482 3.0795115520710468 0.0150087260034904 0.0
6.066666666666666 0.028620689655172414 2.823145771178797 0.08097731239092495 0.0
6.133333333333334 0.0 0.8193991535419413 0.0017452006980802793 0.0
6.2 0.0 1.0240754874072018 0.021640488656195462 0.0
6.266666666666667 0.0 0.8905155068341081 0.1818499127399651 0.0
6.333333333333333 0.0 1.0018733088184277 0.0 0.0
6.4 0.0 0.8738638728925275 0.3054101221640489 0.0
6.466666666666667 0.046206896551724136 1.1728994657600778 0.29912739965095986 0.14158981115502856
6.533333333333333 0.06137931034482759 0.3358079511552071 0.0300174520069808 0.0
6.6 0.11517241379310345 0.4103933948518698 0.5553228621291448 0.002108036890645586
6.666666666666667 0.0 0.3420523138832998 0.6160558464223386 0.060430390865173475
6.733333333333333 0.009655172413793104 0.0 0.0013961605584642235 0.02705314009661836
6.8 0.0 0.07007562617081801 0.00593368237347295 0.07905138339920949
6.866666666666666 0.041379310344827586 0.024630541871921183 0.08132635253054102 0.002108036890645586
6.933333333333334 0.0 0.018039270103378895 0.00034904013961605586 0.004567413263065437
7.0 0.03103448275862069 1.146187469645459 0.35218150087260036 0.07237593324549846
7.066666666666666 0.1306896551724138 3.462152223686949 0.16579406631762653 0.024593763724198508
7.133333333333334 0.035517241379310345 2.46131964198987 0.0268760907504363 0.0
7.2 0.05655172413793103 4.568445153680705 0.7542757417102967 0.10329380764163373
7.266666666666667 0.02379310344827586 3.1089988205092625 0.024083769633507852 0.046025472112428634
7.333333333333333 0.0 0.7163671685284119 0.0 0.0
7.4 0.0496551724137931 2.6417123430236593 0.0 0.033025911286780854
7.466666666666667 0.0696551724137931 1.2093249150072851 0.06771378708551483 0.0829161176987264
7.533333333333333 0.0 0.48012211198223825 0.07050610820244328 0.01616161616161616
7.6 0.5272413793103449 1.2790536321376536 0.012216404886561954 0.0056214317083882305
7.666666666666667 0.9620689655172414 1.1163532921667938 0.009424083769633508 0.0207290294246816
7.733333333333333 0.06793103448275863 0.9040449594116423 0.01849912739965096 0.04251207729468599
7.8 1.2248275862068965 2.3499618400055504 0.0006980802792321117 0.07237593324549846
7.866666666666666 0.013793103448275862 3.452091861513911 0.450261780104712 0.0
7.933333333333334 0.037586206896551726 2.1522236869492817 0.01605584642233857 0.006324110671936759
8.0 0.41379310344827586 0.7652813432318046 0.5082024432809773 0.0028107158541941153
8.066666666666666 0.07206896551724137 0.4426559356136821 0.28272251308900526 0.029512516469038207
8.133333333333333 0.002413793103448276 1.232567820717408 0.009075043630017453 0.08045674132630655
8.2 0.0058620689655172415 1.270033997085964 0.0712041884816754 0.08502415458937199
8.266666666666667 0.0 2.165059321445917 0.10401396160558464 0.020377689942907333
8.333333333333334 0.0 0.9907722195240408 0.01849912739965096 0.02740447957839262
8.4 0.08517241379310345 3.8354263512107125 0.002792321116928447 0.01616161616161616
8.466666666666667 0.01206896551724138 4.244432109900784 0.0006980802792321117 0.012999560825647781
8.533333333333333 0.004827586206896552 1.1617983764656907 0.0 0.040755379885814666
8.6 0.01896551724137931 3.409075140498161 0.0 0.7525691699604743
8.666666666666666 0.0020689655172413794 0.6431693609935475 0.08027923211169284 0.5751427316644708
8.733333333333333 0.021724137931034483 0.2421425102338167 0.06317626527050611 0.02002635046113307
8.8 0.005517241379310344 0.8207867897037396 0.24851657940663177 0.0007026789635485288
8.866666666666667 0.028620689655172414 0.22826614861583294 0.014310645724258289 0.001756697408871322
8.933333333333334 0.0020689655172413794 0.07978907930340665 0.032460732984293195 0.0
9.0 0.023448275862068966 1.1978769166724486 0.15253054101221641 0.0
9.066666666666666 0.0 0.42045375702490806 0.002443280977312391 0.0
9.133333333333333 0.0 0.0 0.0 0.0
9.2 0.0 0.08429889682925137 0.0387434554973822 0.029863855950812472
9.266666666666667 0.0034482758620689655 0.05446471935058628 0.03420593368237347 0.007378129117259552
9.333333333333334 0.0 0.030527995559564283 0.03176265270506108 0.0
9.4 0.007241379310344828 3.224866440019427 0.15602094240837697 0.0
9.466666666666667 0.09310344827586207 4.274266287379449 0.2136125654450262 0.011242863416776461
9.533333333333333 0.06137931034482759 3.1901755359744675 0.5448516579406631 0.0
9.6 0.01 4.313120099909804 0.362303664921466 0.07553798858146685
9.666666666666666 0.12379310344827586 1.0771525705959897 0.04397905759162304 0.11805006587615283
9.733333333333333 0.05068965517241379 0.5748282800249774 0.013961605584642234 0.08924022837066316
9.8 0.061724137931034484 1.238465274405051 0.1574171029668412 0.029161176987263945
9.866666666666667 0.006206896551724138 1.0924165683757718 0.9099476439790576 0.11453667105841019
9.933333333333334 0.012413793103448275 0.30181086519114686 0.11657940663176265 0.05516029863855951
10.0 0.22206896551724137 1.2533823631443834 0.19476439790575917 0.1725076855511638
10.066666666666666 0.006551724137931035 1.1781031013668217 0.09319371727748692 0.08502415458937199
10.133333333333333 0.003793103448275862 0.19773815305626866 0.03525305410122164 0.0
10.2 0.026551724137931033 0.7562617081801152 0.37417102966841187 0.04321475625823452
10.266666666666667 0.02517241379310345 0.13182543537084576 0.7504363001745201 0.0
10.333333333333334 0.05517241379310345 0.010754180253937418 0.017452006980802792 0.0
10.4 0.0020689655172413794 0.36217303822937624 0.05898778359511344 0.06429512516469038
10.466666666666667 0.000689655172413793 0.2955665024630542 0.023036649214659685 0.07624066754501536
10.533333333333333 0.010689655172413793 0.0 0.018848167539267015 0.0
10.6 0.04172413793103448 0.02705890515506834 0.0 0.0
10.666666666666666 0.06827586206896552 0.19773815305626866 0.0020942408376963353 0.0
10.733333333333333 0.006206896551724138 0.4041490321237771 0.0 0.0
10.8 0.031379310344827584 0.6098660931103864 0.0118673647469459 0.0
10.866666666666667 0.021379310344827585 1.8157219177131756 0.0020942408376963353 0.002108036890645586
10.933333333333334 0.04275862068965517 0.3007701380697981 0.0 0.0
11.0 0.3303448275862069 0.17276070214389788 0.007678883071553229 0.0
11.066666666666666 0.08586206896551724 0.38159994449455353 0.08132635253054102 0.037944664031620556
11.133333333333333 0.0 0.0176923610629293 0.027225130890052355 0.022485726833552922
11.2 0.14275862068965517 0.10788871157982377 0.03420593368237347 0.00808080808080808
11.266666666666667 0.010344827586206896 2.6670367029764797 0.031413612565445025 0.015458937198067632
11.333333333333334 0.028965517241379312 1.217997641018525 0.03455497382198953 0.0
11.4 0.011379310344827587 1.8545757302435302 0.0062827225130890054 0.0
11.466666666666667 0.0 2.355512384652744 0.05898778359511344 0.0
11.533333333333333 0.0 0.18629015472143204 0.017102966841186736 0.0
11.6 0.0 1.5267466870186637 0.1574171029668412 0.0
11.666666666666666 0.06344827586206897 0.9026573232498439 0.14659685863874344 0.0
11.733333333333333 0.0 0.2841185041282176 0.11867364746945899 0.0
11.8 0.003103448275862069 1.835842642059252 0.02757417102966841 0.0
11.866666666666667 0.4386206896551724 2.0599458821896897 0.03211169284467714 0.0
11.933333333333334 0.03896551724137931 0.3514188579754388 0.007678883071553229 0.0
12.0 0.3882758620689655 0.38194685353500313 0.06108202443280977 0.0256477821695213
12.066666666666666 0.5148275862068965 0.5619926455283425 0.29354275741710295 0.004216073781291172
12.133333333333333 0.08620689655172414 0.05828071879553181 0.038394415357766144 0.0463768115942029
12.2 0.1096551724137931 2.643446888225907 0.03769633507853403 0.05305226174791392
12.266666666666667 0.008620689655172414 2.757233053493374 0.15986038394415358 0.0028107158541941153
12.333333333333334 0.0 0.9154929577464789 0.07190226876090751 0.0
12.4 0.18758620689655173 4.513633525289669 0.2732984293193717 0.002108036890645586
12.466666666666667 0.2889655172413793 3.83750780545341 0.06212914485165794 0.020377689942907333
12.533333333333333 0.2513793103448276 1.5878026781377923 0.028272251308900525 0.0024593763724198507
12.6 0.02379310344827586 0.1946159716922223 0.1462478184991274 0.0
12.666666666666666 0.36586206896551726 0.0010407271213487823 0.20453752181500873 0.0
12.733333333333333 0.012758620689655173 0.013182543537084576 0.009424083769633508 0.0
12.8 0.15931034482758621 0.07146326233261639 0.014310645724258289 0.001054018445322793
12.866666666666667 0.0 0.27475196003607855 0.002792321116928447 0.0
12.933333333333334 0.10344827586206896 1.0063831263442726 0.00593368237347295 0.0
13.0 0.06241379310344827 0.6410879067508499 0.010820244328097731 0.0207290294246816
13.066666666666666 0.1893103448275862 0.4721432040518976 0.0862129144851658 0.0007026789635485288
13.133333333333333 0.0 0.028099632276417125 0.2670157068062827 0.0056214317083882305
13.2 0.2672413793103448 0.08499271491015056 0.16300174520069807 0.0
13.266666666666667 0.0 0.5449941025463123 0.48342059336823734 0.0
13.333333333333334 0.0 0.3583570387844307 0.08446771378708552 0.0
13.4 0.2513793103448276 0.3850690348990495 0.35916230366492147 0.0
13.466666666666667 0.6951724137931035 1.157288558939846 0.437347294938918 0.0
13.533333333333333 0.020689655172413793 0.9963227641712343 0.38289703315881324 0.00878348704435661
13.6 0.03620689655172414 1.3682092555331993 0.5870855148342059 0.0
13.666666666666666 0.02793103448275862 1.804273919378339 0.16404886561954624 0.035485287659200705
13.733333333333333 0.0 0.6931242628182891 0.15671902268760907 0.011594202898550725
13.8 0.012758620689655173 1.2377714563241518 0.5570680628272251 0.01440491875274484
13.866666666666667 0.04551724137931035 1.171858738638729 0.06282722513089005 0.014756258234519103
13.933333333333334 0.031724137931034485 2.879691944772081 0.008376963350785341 0.0
14.0 0.018275862068965518 1.5749670436411574 0.362303664921466 0.0007026789635485288
14.066666666666666 0.006206896551724138 0.6216610004856726 0.038394415357766144 0.0024593763724198507
14.133333333333333 0.09137931034482759 0.3972108513147853 0.42303664921465967 0.022485726833552922
14.2 0.0017241379310344827 0.5949490043710539 0.1431064572425829 0.0
14.266666666666667 0.002413793103448276 0.023242905710122806 0.7235602094240837 0.010540184453227932
14.333333333333334 0.2493103448275862 0.16408797613265802 0.1200698080279232 0.006675450153711023
14.4 0.011724137931034483 2.306945118989801 0.3068062827225131 0.0
14.466666666666667 0.03793103448275862 1.6523277596614168 0.2973821989528796 0.01440491875274484
14.533333333333333 0.08379310344827587 0.1890654270450288 0.587783595113438 0.0
14.6 0.021379310344827585 1.0993547491847637 0.20628272251308902 0.033025911286780854
14.666666666666666 0.007241379310344828 1.591618677582738 0.2418848167539267 0.010188844971453666
14.733333333333333 0.0 0.42773884687434954 0.0006980802792321117 0.015810276679841896
14.8 0.03620689655172414 0.5352806494137238 0.13472949389179756 0.057971014492753624
14.866666666666667 0.0 0.22340942204953862 0.7155322862129145 0.02178304787000439
14.933333333333334 0.0 0.8305002428363283 0.06771378708551483 0.0
15.0 0.009655172413793104 1.11114965656005 0.09982547993019197 0.015810276679841896
15.066666666666666 0.037586206896551726 0.3833344896968015 0.08446771378708552 0.0
15.133333333333333 0.0 0.2254908762922362 0.03630017452006981 0.0
15.2 0.0 1.5354194130299035 0.004886561954624782 0.0014053579270970576
15.266666666666667 0.030344827586206897 1.9132033580795116 0.13019197207678884 0.0
15.333333333333334 0.0 0.5217511968361895 0.011518324607329843 0.004216073781291172
15.4 0.06448275862068965 1.954832442933463 0.06282722513089005 0.009486166007905139
15.466666666666667 0.0003448275862068965 0.2848123222091168 0.193717277486911 0.0
15.533333333333333 0.0 0.08013598834385624 0.3486910994764398 0.0
15.6 0.030689655172413795 0.29244432109900786 0.15253054101221641 0.0
15.666666666666666 0.01793103448275862 0.34656213140914455 0.2101221640488656 0.0
15.733333333333333 0.0 0.0006938180808991882 0.10017452006980802 0.0
15.8 0.042413793103448276 0.16235343093041005 0.35008726003490404 0.0
15.866666666666667 0.008620689655172414 0.3056268646360924 0.0118673647469459 0.16512955643390426
15.933333333333334 0.0 0.057239991674183026 0.034904013961605584 0.004918752744839701
16.0 0.0 0.07146326233261639 0.0034904013961605585 0.04813350900307422
16.066666666666666 0.038275862068965515 0.010754180253937418 0.643630017452007 0.03935002195871761
16.133333333333333 0.000689655172413793 0.23728578366752237 0.1532286212914485 0.0
16.2 0.13310344827586207 0.04579199333934642 0.013263525305410123 0.0
16.266666666666666 0.0 1.4962186914590994 0.2181500872600349 0.0
16.333333333333332 0.0 0.9720391313397627 0.008376963350785341 0.0
16.4 0.02724137931034483 2.954624297509193 0.08237347294938918 0.0
16.466666666666665 0.09896551724137931 0.7604246166655103 0.40349040139616055 0.0
16.533333333333335 0.020344827586206895 0.3913133976271422 0.0 0.0
16.6 0.02724137931034483 0.22167487684729065 0.08726003490401396 0.0
16.666666666666668 0.04206896551724138 1.1676958301533338 0.5944153577661431 0.0
16.733333333333334 0.12172413793103448 1.7154652050232428 0.19860383944153578 0.023539745278875715
16.8 0.0 1.2506070908207867 0.06701570680628273 0.0
16.866666666666667 0.0 3.7528619995837094 0.0031413612565445027 0.027755819060166886
16.933333333333334 0.007931034482758621 0.3063206827169916 0.0 0.0
17.0 0.008620689655172414 0.4357177548046902 0.0 0.03618796662274923
17.066666666666666 0.031379310344827584 0.36772358287656975 0.0 0.0
17.133333333333333 0.02517241379310345 0.15645597724276694 0.0 0.0
17.2 0.02620689655172414 0.15784361340456532 0.0 0.0
17.266666666666666 0.0058620689655172415 0.7174078956497606 0.0034904013961605585 0.0
17.333333333333332 0.07862068965517241 0.05689308263373344 0.0 0.0
17.4 0.036551724137931035 3.8104489002983417 0.004886561954624782 0.0
17.466666666666665 0.040344827586206895 3.799000901963505 0.0 0.0
17.533333333333335 0.014137931034482758 3.591549295774648 0.0062827225130890054 0.0
17.6 0.16655172413793104 10.285506140290016 0.10645724258289703 0.0
17.666666666666668 0.006206896551724138 3.600915839866787 0.08691099476439791 0.0
17.733333333333334 0.0 2.1123291472975785 0.007329842931937173 0.0
17.8 0.0 3.554776937486991 0.29528795811518327 0.0
17.866666666666667 0.00896551724137931 3.9113994310691735 0.29458987783595114 0.005972771190162494
17.933333333333334 0.005172413793103448 1.8663706376188163 0.0506108202443281 0.0
18.0 0.0 0.9397765905779505 0.2411867364746946 0.0
18.066666666666666 0.0 0.5654617359328384 0.2684118673647469 0.011594202898550725
18.133333333333333 0.0 1.2086310969263858 0.1068062827225131 0.0
18.2 0.0 2.4023451051134392 0.743804537521815 0.0028107158541941153
18.266666666666666 0.0020689655172413794 2.081801151738014 0.04363001745200698 0.03232323232323232
18.333333333333332 0.0 0.8825365989037675 0.14450261780104712 0.005270092226613966
18.4 0.0 2.1303684174009576 0.7832460732984293 0.0007026789635485288
18.466666666666665 0.0 1.1656143759106363 0.3162303664921466 0.0
18.533333333333335 0.42344827586206896 1.4365503365017693 0.06736474694589878 0.0
18.6 0.17448275862068965 3.060778463886769 0.3849912739965096 0.0
18.666666666666668 0.22551724137931034 1.0327482134184416 0.02757417102966841 0.0
18.733333333333334 0.29758620689655174 0.12280580031915632 0.15951134380453752 0.0
18.8 0.34620689655172415 0.31534031776868104 0.16649214659685863 0.0
18.866666666666667 0.0 0.2185526954832443 0.09528795811518324 0.002108036890645586
18.933333333333334 0.0 0.3482966766113925 0.08411867364746946 0.036539306104523495
19.0 0.0 0.39408866995073893 0.08551483420593368 0.014756258234519103
19.066666666666666 0.0 0.4249635745507528 0.35218150087260036 0.0
19.133333333333333 0.0 0.09609380420453757 0.006631762652705061 0.034782608695652174
19.2 0.0 0.659820994935128 0.017452006980802792 0.0
19.266666666666666 0.028965517241379312 0.8638035107194894 0.011169284467713788 0.0
19.333333333333332 0.004827586206896552 0.7600777076250607 0.0017452006980802793 0.0014053579270970576
19.4 0.004827586206896552 0.7292028030250468 0.05654450261780105 0.0
19.466666666666665 0.0 1.1676958301533338 0.0 0.004567413263065437
19.533333333333335 0.0 0.7552209810587663 0.009424083769633508 0.024593763724198508
19.6 0.0 0.613682092555332 0.007678883071553229 0.0
19.666666666666668 0.0 0.15714979532366613 0.506806282722513 0.0
19.733333333333334 0.0 1.295705266079234 0.06806282722513089 0.048484848484848485
19.8 0.0034482758620689655 0.5408311940609172 0.35776614310645727 0.056214317083882304
19.866666666666667 0.0 0.31638104489002983 0.17382198952879582 0.0
19.933333333333334 0.0 0.16304724901130924 0.1273996509598604 0.0
20.0 0.0 0.01873308818427808 0.027225130890052355 0.0
